<?xml version="1.0" encoding="UTF-8"?>
<mets:METS xmlns:mets="http://www.loc.gov/METS/" xmlns:xlink="http://www.w3.org/TR/xlink/" xmlns:xsi="http://www.w3.org/2001/XMLSchema-instance" xmlns:dim="http://www.dspace.org/xmlns/dspace/dim" LABEL="DSpace Item" OBJID="/handle/10672/303" PROFILE="DSPACE METS SIP Profile 1.0" OBJEDIT="/admin/item?itemID=478" ID="hdl:10672/303">
<mets:dmdSec GROUPID="group_dmd_0" ID="dmd_1">
<mets:mdWrap OTHERMDTYPE="DIM" MDTYPE="OTHER">
<mets:xmlData>
<dim:dim dspaceType="ITEM">
<dim:field element="contributor" mdschema="dc" language="">pope, addy</dim:field>
<dim:field element="contributor" mdschema="dc" qualifier="author" language="">Sietinsone, Lasma</dim:field>
<dim:field element="contributor" mdschema="dc" qualifier="other" language="en">University of Edinburgh</dim:field>
<dim:field element="coverage" mdschema="dc" qualifier="spatial" language="en">northlimit=82.5178;eastlimit=179.951;southlimit=-77.8674;westlimit=-179.8768;</dim:field>
<dim:field element="coverage" mdschema="dc" qualifier="temporal" language="">2012-04-17</dim:field>
<dim:field element="date" mdschema="dc" qualifier="accessioned" language="">2012-04-18T15:37:15Z</dim:field>
<dim:field element="date" mdschema="dc" qualifier="available" language="">2012-04-18T15:37:15Z</dim:field>
<dim:field element="date" mdschema="dc" qualifier="issued" language="">2012-04-18</dim:field>
<dim:field element="identifier" mdschema="dc" language="">http://www.sharegeo.ac.uk/bitstream/handle/10672/303/WorldAirports.zip?sequence=1</dim:field>
<dim:field element="identifier" mdschema="dc" qualifier="uri" language="">http://hdl.handle.net/10672/303</dim:field>
<dim:field element="description" mdschema="dc" language="en">Data was extracted from the Geonames database and converted to shapefile using GDAL commands in Postgis. All data from GeoNames is distributed under the creative commons attribution 3.0 agreement.</dim:field>
<dim:field element="description" mdschema="dc" qualifier="abstract" language="en">This dataset contains the location of 32,000 airports around the world.  The data is shapefile format (.shp).  The dataset contains the name of the airport, its lat/lon, elevation, country and timezone.  The 3 letter codes are available in the alternative name field but are mixed in with other information</dim:field>
<dim:field element="format" mdschema="dc" language="en">ESRI Shapefile</dim:field>
<dim:field element="language" mdschema="dc" qualifier="iso" language="en">en</dim:field>
<dim:field element="rights" mdschema="dc" language="en">This data is made available under the Creative Commons Attribution 3.0 license whose full text can be found at http://creativecommons.org/licenses/by/3.0/legalcode</dim:field>
<dim:field element="subject" mdschema="dc" qualifier="classification" language="en">Transportation</dim:field>
<dim:field element="title" mdschema="dc" language="en">Airports</dim:field>
<dim:field element="type" mdschema="dc" language="en">GIS vector data</dim:field>
</dim:dim>
</mets:xmlData>
</mets:mdWrap>
</mets:dmdSec>
<mets:fileSec>
<mets:fileGrp USE="CONTENT">
<mets:file GROUPID="group_file_711" SIZE="2509470" CHECKSUM="abfb2a0163415d933f64018e28ca2bca" MIMETYPE="application/zip" CHECKSUMTYPE="MD5" ID="file_711">
<mets:FLocat LOCTYPE="URL" xlink:href="/bitstream/handle/10672/303/WorldAirports.zip?sequence=1" xlink:title="WorldAirports.zip" xlink:type="locator"/>
</mets:file>
</mets:fileGrp>
<mets:fileGrp USE="LICENSE">
<mets:file GROUPID="group_file_712" SIZE="127" CHECKSUM="44d9ed4f6902860fbb92bf26df40fc3b" MIMETYPE="text/plain; charset=utf-8" CHECKSUMTYPE="MD5" ID="file_712">
<mets:FLocat LOCTYPE="URL" xlink:href="/bitstream/handle/10672/303/license.txt?sequence=2" xlink:title="license.txt" xlink:type="locator"/>
</mets:file>
</mets:fileGrp>
</mets:fileSec>
<mets:structMap TYPE="LOGICAL" LABEL="DSpace">
<mets:div TYPE="DSpace Item" DMDID="dmd_1">
<mets:div TYPE="DSpace Content Bitstream" ID="div_2">
<mets:fptr FILEID="file_711"/>
</mets:div>
</mets:div>
</mets:structMap>
</mets:METS>
