<?xml version="1.0" encoding="UTF-8"?>
<mets:METS xmlns:mets="http://www.loc.gov/METS/" xmlns:xlink="http://www.w3.org/TR/xlink/" xmlns:xsi="http://www.w3.org/2001/XMLSchema-instance" xmlns:dim="http://www.dspace.org/xmlns/dspace/dim" LABEL="DSpace Item" OBJID="/handle/10672/124" PROFILE="DSPACE METS SIP Profile 1.0" OBJEDIT="/admin/item?itemID=225" ID="hdl:10672/124">
<mets:dmdSec GROUPID="group_dmd_0" ID="dmd_1">
<mets:mdWrap OTHERMDTYPE="DIM" MDTYPE="OTHER">
<mets:xmlData>
<dim:dim dspaceType="ITEM">
<dim:field element="contributor" mdschema="dc">pope, addy</dim:field>
<dim:field element="contributor" mdschema="dc" qualifier="other" language="en">University of Edinburgh</dim:field>
<dim:field element="coverage" mdschema="dc" qualifier="spatial" language="en">northlimit=83.6274;eastlimit=180.0;southlimit=-90.0;westlimit=-180.0;</dim:field>
<dim:field element="coverage" mdschema="dc" qualifier="spatial" language="en">World</dim:field>
<dim:field element="coverage" mdschema="dc" qualifier="temporal">2011-01-19</dim:field>
<dim:field element="date" mdschema="dc" qualifier="accessioned">2011-01-19T12:10:07Z</dim:field>
<dim:field element="date" mdschema="dc" qualifier="available">2011-01-19T12:10:07Z</dim:field>
<dim:field element="date" mdschema="dc" qualifier="issued">2011-01-19</dim:field>
<dim:field element="identifier" mdschema="dc">http://www.sharegeo.ac.uk/bitstream/handle/10672/124/SweCountries.zip?sequence=1</dim:field>
<dim:field element="identifier" mdschema="dc" qualifier="uri">http://hdl.handle.net/10672/124</dim:field>
<dim:field element="description" mdschema="dc" language="en">This data was kindly donated by Geodan (www.geodan.com) who retain the right to remove the data from the repository at anytime. This dataset may be updated from time to time to reflect changes in the political boundaries of the World.</dim:field>
<dim:field element="description" mdschema="dc" qualifier="abstract" language="en">This dataset contains the World Political boundaries in shapefile format. The data is more detailed than the other boundary dataset (World Political Boundaries - Coarse) held on ShareGeo (http://hdl.handle.net/10672/22) and has been favourably reviewed in a comparison of free world boundary files (http://barendgehrels.blogspot.com/2010/12/free-shapefiles-of-of-world-3.html). Basic statistics for each country (births/deaths/population/life expectancy) are also included. Geodan have many more free datasets available on their website so be sure to check them out at (http://www.geodan.com/no_cache/products/geographic-data-catalogue/products/achtergrondinfo-dataproducten/download/)</dim:field>
<dim:field element="format" mdschema="dc" language="en">ESRI Shapefile</dim:field>
<dim:field element="language" mdschema="dc" qualifier="iso" language="en">en</dim:field>
<dim:field element="rights" mdschema="dc" language="en">This data is made available under the Public Domain Dedication and License v1.0 whose full text can be found at http://www.opendatacommons.org/licenses/pddl/1.0/</dim:field>
<dim:field element="subject" mdschema="dc" language="en">political</dim:field>
<dim:field element="subject" mdschema="dc" language="en">Countries of the World</dim:field>
<dim:field element="subject" mdschema="dc" qualifier="classification" language="en">Boundaries</dim:field>
<dim:field element="title" mdschema="dc" language="en">World Political Boundaries - Detailed</dim:field>
<dim:field element="type" mdschema="dc" language="en">GIS vector data</dim:field>
</dim:dim>
</mets:xmlData>
</mets:mdWrap>
</mets:dmdSec>
<mets:fileSec>
<mets:fileGrp USE="CONTENT">
<mets:file GROUPID="group_file_354" SIZE="4269472" CHECKSUM="dbe0542ce7d64ffb31cd460f13db4879" MIMETYPE="application/zip" CHECKSUMTYPE="MD5" ID="file_354">
<mets:FLocat LOCTYPE="URL" xlink:href="/bitstream/handle/10672/124/SweCountries.zip?sequence=1" xlink:title="SweCountries.zip" xlink:type="locator"/>
</mets:file>
</mets:fileGrp>
<mets:fileGrp USE="LICENSE">
<mets:file GROUPID="group_file_355" SIZE="127" CHECKSUM="44d9ed4f6902860fbb92bf26df40fc3b" MIMETYPE="text/plain; charset=utf-8" CHECKSUMTYPE="MD5" ID="file_355">
<mets:FLocat LOCTYPE="URL" xlink:href="/bitstream/handle/10672/124/license.txt?sequence=-1" xlink:title="license.txt" xlink:type="locator"/>
</mets:file>
</mets:fileGrp>
</mets:fileSec>
<mets:structMap TYPE="LOGICAL" LABEL="DSpace">
<mets:div TYPE="DSpace Item" DMDID="dmd_1">
<mets:div TYPE="DSpace Content Bitstream" ID="div_2">
<mets:fptr FILEID="file_354"/>
</mets:div>
</mets:div>
</mets:structMap>
</mets:METS>
