<?xml version="1.0" encoding="UTF-8"?>
<mets:METS xmlns:mets="http://www.loc.gov/METS/" xmlns:xlink="http://www.w3.org/TR/xlink/" xmlns:xsi="http://www.w3.org/2001/XMLSchema-instance" xmlns:dim="http://www.dspace.org/xmlns/dspace/dim" LABEL="DSpace Item" OBJID="/handle/10672/288" PROFILE="DSPACE METS SIP Profile 1.0" OBJEDIT="/admin/item?itemID=439" ID="hdl:10672/288">
<mets:dmdSec GROUPID="group_dmd_0" ID="dmd_1">
<mets:mdWrap OTHERMDTYPE="DIM" MDTYPE="OTHER">
<mets:xmlData>
<dim:dim dspaceType="ITEM">
<dim:field element="contributor" mdschema="dc">pope, addy</dim:field>
<dim:field element="contributor" mdschema="dc" qualifier="other" language="en">University of Edinburgh</dim:field>
<dim:field element="coverage" mdschema="dc" qualifier="spatial" language="en">northlimit=85.589;eastlimit=179.991;southlimit=-65.282;westlimit=-179.997;</dim:field>
<dim:field element="coverage" mdschema="dc" qualifier="spatial" language="en">World</dim:field>
<dim:field element="coverage" mdschema="dc" qualifier="temporal">2011-09-20</dim:field>
<dim:field element="date" mdschema="dc" qualifier="accessioned">2011-09-26T11:01:19Z</dim:field>
<dim:field element="date" mdschema="dc" qualifier="available">2011-09-26T11:01:19Z</dim:field>
<dim:field element="date" mdschema="dc" qualifier="issued">2011-09-26</dim:field>
<dim:field element="identifier" mdschema="dc">http://www.sharegeo.ac.uk/bitstream/handle/10672/288/Earthquakes_2011.zip?sequence=1</dim:field>
<dim:field element="identifier" mdschema="dc" qualifier="uri">http://hdl.handle.net/10672/288</dim:field>
<dim:field element="description" mdschema="dc" language="en">Derived from data from the USGS http://earthquake.usgs.gov/</dim:field>
<dim:field element="description" mdschema="dc" qualifier="abstract" language="en">Earthquakes around the world in 2011. This data was collected from the USGS monitoring service.  Earthquake magnitudes are shown along with the best estimates on the location of the epicentre</dim:field>
<dim:field element="format" mdschema="dc" language="en">ESRI Shapefile</dim:field>
<dim:field element="language" mdschema="dc" qualifier="iso" language="en">en</dim:field>
<dim:field element="rights" mdschema="dc" language="en">This data is made available under the Public Domain Dedication and License v1.0 whose full text can be found at http://www.opendatacommons.org/licenses/pddl/1.0/</dim:field>
<dim:field element="subject" mdschema="dc" language="en">Disaster</dim:field>
<dim:field element="subject" mdschema="dc" language="en">Natural Hazard</dim:field>
<dim:field element="subject" mdschema="dc" qualifier="classification" language="en">Environment</dim:field>
<dim:field element="subject" mdschema="dc" qualifier="classification" language="en">Geo Scientific Information</dim:field>
<dim:field element="title" mdschema="dc" language="en">2011 Earthquakes</dim:field>
<dim:field element="type" mdschema="dc" language="en">GIS vector data</dim:field>
</dim:dim>
</mets:xmlData>
</mets:mdWrap>
</mets:dmdSec>
<mets:fileSec>
<mets:fileGrp USE="CONTENT">
<mets:file GROUPID="group_file_670" SIZE="2112029" CHECKSUM="508a60ff9e2139c6ba6b026cde42cb3a" MIMETYPE="application/zip" CHECKSUMTYPE="MD5" ID="file_670">
<mets:FLocat LOCTYPE="URL" xlink:href="/bitstream/handle/10672/288/Earthquakes_2011.zip?sequence=1" xlink:title="Earthquakes_2011.zip" xlink:type="locator"/>
</mets:file>
</mets:fileGrp>
<mets:fileGrp USE="LICENSE">
<mets:file GROUPID="group_file_671" SIZE="127" CHECKSUM="44d9ed4f6902860fbb92bf26df40fc3b" MIMETYPE="text/plain; charset=utf-8" CHECKSUMTYPE="MD5" ID="file_671">
<mets:FLocat LOCTYPE="URL" xlink:href="/bitstream/handle/10672/288/license.txt?sequence=-1" xlink:title="license.txt" xlink:type="locator"/>
</mets:file>
</mets:fileGrp>
</mets:fileSec>
<mets:structMap TYPE="LOGICAL" LABEL="DSpace">
<mets:div TYPE="DSpace Item" DMDID="dmd_1">
<mets:div TYPE="DSpace Content Bitstream" ID="div_2">
<mets:fptr FILEID="file_670"/>
</mets:div>
</mets:div>
</mets:structMap>
</mets:METS>
